Descriptor	Semantic group	Definition	MoSCoW	Example: based on the following synthetic dataset  https://www.kaggle.com/datasets/uciml/breast-cancer-wisconsin-data. Where there is not information, we added made up a value example for the sake of clarity of what it can be added per metadata descriptor (cells in green).	Ontology (EDAM or OBO)	Ontology term IRI	EDAM term (for the values)	EDAM IRI	Bioschemas/schema.org property	Bioschemas marginality	Bioschemas cardinality	Bioschemas JSON example
Topic	Dataset	A category denoting a rather broad domain or field of interest, of study, application, work, data, or technology. Topics have no clearly defined borders between each other.	M	Cancer, healthcare	EDAM	EDAM:topic_0003	topic	http://edamontology.org/topic_0003	keywords	minimal	many	keywords: [{"@type":"DefinedTerm","name":"Oncology","inDefinedTermSet":"EDAM","termCode":"topic_2640"}, "http://edamontology.org/topic_2640", "cancer"]"
Data type	Dataset	A placeholder concept for visual navigation by dividing data formats by the content of the data that is represented.	M	Tabular, digitized image	EDAM	EDAM:data_0006	data	http://edamontology.org/data_0006	keywords	minimal	many	see Topic example
Application	Dataset	The machine learning task the synthetic data was generated for.	M	Prediction of malignancy	EDAM	EDAM:operation_0004	operation	http://edamontology.org/operation_0004	isPartOf	optional	many	isPartOf: ["http://edamontology.org/operation_3443",{"@type":"CreativeWork","name":"Prediction of malignancy"}]"
License	Dataset	A legal document giving official permission to do something with the resource.	M	https://creativecommons.org/licenses/by-nc-sa/4.0/	DUO	DCT:license			license	minimal	one	license: "https://creativecommons.org/licenses/by-nc-sa/4.0/"
Generation method	Tool	A planned process that produces output data from input data.	M	Variational Autoencoder algorithm	STATO	OBI:0200000	statistics and probability	http://edamontology.org/topic_2269	keywords	minimal	many	see Topic example
Author ORCID	Attribution	A standard alphanumeric code to uniquely identify scientific and other academic authors and contributors.	M	https://orcid.org/0000-0002-1825-0097	REPR	ORCID	person_id; organization_id	http://edamontology.org/data_2118	creator.identifier	recommended	many	creator: [{"@type": "Person", "identifier": "https://orcid.org/0000-0003-0169-8159"}, {"@type": "Person", "identifier": {"@type":"PropertyValue","name":"ORCID","url":"https://orcid.org/0000-0003-0169-8159"}}, {"@type": "Person", "identifier": {"@type":"PropertyValue","name":"ORCID","value":"0000-0003-0169-8159"}}]"
Dataset ID	Dataset	An identifier of the Dataset preferably a unique identifier such as Zenodo DOI. The URL where the synthetic data is archived (or the 'Record URL' value), can also be added here in case the dataset has not a unique identifier yet.	M	https://www.kaggle.com/datasets/uciml/breast-cancer-wisconsin-data	EDAM	EDAM:data_0842	identifier	http://edamontology.org/data_0842	identifier	minimal	many	identifier: [{"@type": "PropertyValue", "name": "doi", "value": "10.5281/zenodo.7388957"}, {"@type": "PropertyValue", "name": "doi", "url": "https://doi.org/10.5281/zenodo.7388957"}]"
Dataset name	Dataset	The name of the dataset, which need not necessarily uniquely identify it.	M	Breast Cancer Wisconsin (Diagnostic) Data Set	EDAM	EDAM:data_2099	name	http://edamontology.org/data_2099	name	minimal	one	name: "Breast Cancer Wisconsin (Diagnostic Data Set)"
Dataset description	Dataset	The description of the dataset	M	Predict whether the cancer is benign or malignant	EDAM	EDAM:data_3671	description	http://edamontology.org/data_3671	description	minimal	one	description: "Predict whether the cancer is benign or malignant"
Publication year	Dataset	The year in which a document was published	S	2022	MI	MI:0886	publication year	xsd:dateTime or http://purl.obolibrary.org/obo/MI_0886	datePublished	recommended	one	datePublished: "2022"
Organism taxonomic identifier	Dataset	Taxonomy identifier curated by the NCBI Taxonomy (search for organism IDs here: https://www.ncbi.nlm.nih.gov/taxonomy; or use the OLS: https://www.ebi.ac.uk/ols/ontologies/ncbitaxon). You can find further details at 'https://www.uniprot.org/help/taxonomic_identifier'.	S	9606	EDAM	EDAM:data_1869	NCBI taxonomy ID	http://edamontology.org/data_1869	isBasedOn	recommended	many	isBasedOn: [{"@type": "Taxon", "name":"Homo Sapiens", "identifier": "http://purl.obolibrary.org/obo/NCBITaxon_9606", "taxonRank": "https://www.wikidata.org/wiki/Q7432", "alternateName": "human"}]"
Biological sex	Dataset	An organismal quality inhering in a bearer by virtue of the bearer's ability to undergo sexual reproduction in order to differentiate the individuals or types involved.	S	Female	PATO	PATO:0000047	biological sex	http://purl.obolibrary.org/obo/PATO_0000047	variableMeasured	recommended	many	variableMeasured : [{"@type": "PropertyValue", "name": "biological sex", "propertyID":"http://purl.obolibrary.org/obo/PATO_0000047","value": "female"}]"
Age range	Dataset	A descriptor that defines a group by a range of the time quality inhering in each bearer of the group by virtue of how long the bearer has existed.	S	0-122 years	PATO	PATO:0000011	http://purl.obolibrary.org/obo/PATO_0000011	NEW (to discuss with EDAM developers)	variableMeasured	recommended	many	variableMeasured : [{"@type": "PropertyValue", "name": "Age", "value": 32, "unitText": "year"}, "variableMeasured" : {"@type": "PropertyValue", "name": "Age", "value": "adult"}]"
Sample size	Dataset	Statistical sample size is a count evaluating the number of individual experimental units	S	10,000	STATO	STATO:0000088		potential addition to EDAM	variableMeasured	recommended	many	variableMeasured : [{"@type": "PropertyValue", "name": "Sample size", "value": 10}]"
Instance type	Dataset	The role played by an entity part of study group as defined by an experimental design and realized in a data analysis and data interpretation such as patients, physical samples, tissue cultures, cell nuclei, blood samples, cells, temperature measurements	M	cell nuclei	DC	DC:subject	subject	http://purl.org/dc/elements/1.1/subject	keywords	minimal	many	see Topic example
Number of attributes	Dataset	Number of sample's information carriers that can be measured, observed, or logged.	S	32	IAO	IAO:0000030		potential addition to EDAM	variableMeasured	recommended	many	variableMeasured : {"@type": "PropertyValue", "name": "Number of Attributes", "value": 32}"
File type (format)	Dataset	The main format in which data is structured and represented in an electronic file. It is normally defined by the file extension of the file (e.g. FASTQ for a '.fastq' file).	S	CSV	EDAM	EDAM:format_1915	format	http://edamontology.org/format_1915	distribution.encodingFormat	recommended	many	distribution: [{"@type":"DataDownload","encodingFormat":"CSV"},{"@type":"DataDownload","encodingFormat":"http://edamontology.org/format_3752"}]"
Article ID	Dataset	Unique identifier of the scientific article where the creation of the synthetic dataset is described such as PMID or DOI of the publication	C	PMID:34261535	EDAM	EDAM:data_1088	article ID	http://edamontology.org/data_1088	citation.identifier	recommended	many	citation: [{"@type":"CreativeWork","identifier":"https://doi.org/10.1093/bioinformatics/btac205"}]"
Tool/Code resource ID	Tool	Unique and persistent identifier of an external resource where the tool (its documentation or code) is hosted. It should be uniquely resolvable (e.g. either be a URI, or a Compact URI resolvable against identifiers.org).	C	https://www.kaggle.com/code/berkemk/breast-cancer-prediction-svc; biotools:odm-clinical-data-generator	EDAM	EDAM:data_0977	Tool identifier	http://edamontology.org/data_0977	isBasedOn	recommended	many	isBasedOn: ["https://www.kaggle.com/code/berkemk/breast-cancer-prediction-svc; biotools:odm-clinical-data-generator"]"
Language	Dataset	Structured system of communication in which the dataset is defined	C	English	XML	XML:lang		xml:lang	inLanguage	optional	many	inLanguage:"English"
Assay type	Provenance	The general categories (e.g. Single Cell Sequencing) of the used assay instrument to generate the original data.	C	Cell imaging	EDAM	EDAM:topic_3361	Laboratory techniques	http://edamontology.org/topic_3361	measurementTechnique	recommended	many	measurementTechnique:["http://edamontology.org/topic_3383", "Affymetrix"]"
Attribute type	Dataset	A descriptor that refers to the type of variables in a dataset indicating whether the variable is a mixture of different types, a numerical value, or a categorical label	C	Mixed: numerical and categorical	NCIT	NCIT:C20189		potential addition to EDAM	variableMeasured	recommended	many	variableMeasured : {"@type": "PropertyValue", "name": "Attribute type", "value": "Mixed: numerical and categorical"}"
Percentage of missing attribute values	Dataset	Percentage of missing values in the entire dataset, i.e., total number of missing values divided by total number of values in the entire dataset (%)	C	0	GENEPIO	GENEPIO:0001618		potential consideration if this could somehow fit to EDAM. Related to Imputation?/Extrapolation?	variableMeasured	recommended	many	variableMeasured : {"@type": "PropertyValue", "name": "Missing Value Count", "value": "0"}"
Record URL	Dataset	The URL of the record or archive of the synthetic dataset	M	https://www.kaggle.com/datasets/uciml/breast-cancer-wisconsin-data	EDAM	EDAM:data_1052	URL	NEW (to discuss with EDAM developers)	url	minimal	one	url: "https://zenodo.org/record/7305578"